Edited,Control,# of reads,True editing efficiency
100,0,1,100
10,0,10,10
1.001001001001,0,100,1
0.100190361687206,0.0100190361687206,1000,0.1
0.0100278774994485,0.0190529672489521,10000,0.01
0.00100262085090426,0.0233610658260693,1e+05,0.001
